<application>
  <component name="CodotaSettings">
    <option name="methodCompletionsPercentageSet" value="true" />
    <option name="id" value="71400e49-f3cb-43ef-bba1-5a74d36b2bc1" />
    <option name="wasRunBefore" value="true" />
    <option name="firstRun" value="1576568791428" />
    <option name="generation" value="74" />
    <option name="updateGeneration" value="1" />
    <option name="isInJSBeta" value="YES" />
    <option name="isMethodCompletionsPercentageActive" value="true" />
    <option name="isMethodCompletionsPercentageSet" value="true" />
  </component>
</application>