<application>
  <component name="ExportableFileTemplateSettings">
    <internal_templates>
      <template name="Class.java" reformat="true" live-template-enabled="true" enabled="true" />
      <template name="Enum.java" reformat="true" live-template-enabled="true" enabled="true" />
      <template name="Interface.java" reformat="true" live-template-enabled="true" enabled="true" />
    </internal_templates>
    <includes_templates>
      <template name="ActionScript File Header.as" reformat="true" live-template-enabled="true" enabled="true" />
      <template name="File Header.java" reformat="true" live-template-enabled="true" enabled="true" />
    </includes_templates>
  </component>
</application>