<application>
  <component name="ProjectManager">
    <defaultProject>
      <component name="CompilerWorkspaceConfiguration">
        <option name="MAKE_PROJECT_ON_SAVE" value="true" />
      </component>
      <component name="Encoding" defaultCharsetForPropertiesFiles="UTF-8">
        <file url="PROJECT" charset="UTF-8" />
      </component>
      <component name="JsFlowSettings">
        <service-enabled>true</service-enabled>
        <exe-path />
        <other-services-enabled>true</other-services-enabled>
        <auto-save>true</auto-save>
      </component>
      <component name="MavenImportPreferences">
        <option name="generalSettings">
          <MavenGeneralSettings>
            <option name="mavenHome" value="C:/apache-maven-3.6.1" />
            <option name="userSettingsFile" value="C:\apache-maven-3.6.1\conf\settings.xml" />
          </MavenGeneralSettings>
        </option>
        <option name="importingSettings">
          <MavenImportingSettings>
            <option name="importAutomatically" value="true" />
          </MavenImportingSettings>
        </option>
      </component>
      <component name="ProjectDictionaryState">
        <dictionary name="yingw" />
      </component>
      <component name="ProjectInspectionProfilesVisibleTreeState">
        <entry key="Project Default">
          <profile-state>
            <expanded-state>
              <State />
              <State>
                <id>Ali-Check</id>
              </State>
              <State>
                <id>Android</id>
              </State>
              <State>
                <id>Angular</id>
              </State>
              <State>
                <id>Application SizePerformanceLintAndroid</id>
              </State>
              <State>
                <id>Cloning issuesJava</id>
              </State>
              <State>
                <id>Code maturityJava</id>
              </State>
              <State>
                <id>Code style issuesJava</id>
              </State>
              <State>
                <id>Code style issuesJavaScript</id>
              </State>
              <State>
                <id>CodePlugin DevKit</id>
              </State>
              <State>
                <id>CodeSpring CoreSpring</id>
              </State>
              <State>
                <id>Control flow issuesJava</id>
              </State>
              <State>
                <id>CorrectnessLintAndroid</id>
              </State>
              <State>
                <id>Data flowJava</id>
              </State>
              <State>
                <id>Data flowJavaScript</id>
              </State>
              <State>
                <id>ECMAScript 6 migration aidsJavaScript</id>
              </State>
              <State>
                <id>EncapsulationJava</id>
              </State>
              <State>
                <id>FinalizationJava</id>
              </State>
              <State>
                <id>General</id>
              </State>
              <State>
                <id>GeneralJavaScript</id>
              </State>
              <State>
                <id>Groovy</id>
              </State>
              <State>
                <id>ImportsJava</id>
              </State>
              <State>
                <id>Inheritance issuesJava</id>
              </State>
              <State>
                <id>Internationalization</id>
              </State>
              <State>
                <id>InternationalizationJava</id>
              </State>
              <State>
                <id>J2ME issuesJava</id>
              </State>
              <State>
                <id>JBoss Seam</id>
              </State>
              <State>
                <id>JSP</id>
              </State>
              <State>
                <id>JVM languages</id>
              </State>
              <State>
                <id>Java</id>
              </State>
              <State>
                <id>Java 8Java language level migration aidsJava</id>
              </State>
              <State>
                <id>Java interop issuesKotlin</id>
              </State>
              <State>
                <id>Java language level migration aidsJava</id>
              </State>
              <State>
                <id>JavaScript</id>
              </State>
              <State>
                <id>JavadocJava</id>
              </State>
              <State>
                <id>Kotlin</id>
              </State>
              <State>
                <id>LintAndroid</id>
              </State>
              <State>
                <id>LintLintAndroid</id>
              </State>
              <State>
                <id>Method metricsJava</id>
              </State>
              <State>
                <id>MigrationKotlin</id>
              </State>
              <State>
                <id>Numeric issuesJava</id>
              </State>
              <State>
                <id>PerformanceLintAndroid</id>
              </State>
              <State>
                <id>Plugin DevKit</id>
              </State>
              <State>
                <id>Potentially confusing code constructsGroovy</id>
              </State>
              <State>
                <id>Potentially confusing code constructsJavaScript</id>
              </State>
              <State>
                <id>Probable bugsJava</id>
              </State>
              <State>
                <id>Probable bugsJavaScript</id>
              </State>
              <State>
                <id>Probable bugsKotlin</id>
              </State>
              <State>
                <id>SecurityLintAndroid</id>
              </State>
              <State>
                <id>Spelling</id>
              </State>
              <State>
                <id>Spring</id>
              </State>
              <State>
                <id>Spring CoreSpring</id>
              </State>
              <State>
                <id>Threading issuesJava</id>
              </State>
              <State>
                <id>TypeScript</id>
              </State>
              <State>
                <id>UI form</id>
              </State>
              <State>
                <id>UsabilityLintAndroid</id>
              </State>
              <State>
                <id>Verbose or redundant code constructsJava</id>
              </State>
              <State>
                <id>XPath</id>
              </State>
            </expanded-state>
            <selected-state>
              <State>
                <id>Ali-Check</id>
              </State>
            </selected-state>
          </profile-state>
        </entry>
      </component>
      <component name="PropertiesComponent">
        <property name="last_opened_file_path" value="C:/ideaworkspace/nokia-iot-park-service" />
        <property name="nodejs_interpreter_path.stuck_in_default_project" value="undefined stuck path" />
        <property name="nodejs_npm_path_reset_for_default_project" value="true" />
        <property name="settings.editor.selected.configurable" value="editor.preferences.import" />
        <property name="typescript.add.unambiguous.imports.on.the.fly" value="true" />
      </component>
      <component name="masterDetails">
        <states>
          <state key="ProjectJDKs.UI">
            <settings>
              <last-edited>1.8.0_202</last-edited>
              <splitter-proportions>
                <option name="proportions">
                  <list>
                    <option value="0.2" />
                  </list>
                </option>
              </splitter-proportions>
            </settings>
          </state>
        </states>
      </component>
    </defaultProject>
  </component>
</application>