<application>
  <component name="ProjectManager">
    <defaultProject>
      <component name="Encoding" native2AsciiForPropertiesFiles="true" defaultCharsetForPropertiesFiles="UTF-8">
        <file url="PROJECT" charset="UTF-8" />
      </component>
      <component name="MavenImportPreferences">
        <option name="generalSettings">
          <MavenGeneralSettings>
            <option name="mavenHome" value="C:/apache-maven-3.6.1" />
            <option name="userSettingsFile" value="C:\apache-maven-3.6.1\conf\settings.xml" />
          </MavenGeneralSettings>
        </option>
        <option name="importingSettings">
          <MavenImportingSettings>
            <option name="importAutomatically" value="true" />
          </MavenImportingSettings>
        </option>
      </component>
      <component name="ProjectDictionaryState">
        <dictionary name="yingw" />
      </component>
      <component name="ProjectInspectionProfilesVisibleTreeState">
        <entry key="Project Default">
          <profile-state>
            <expanded-state>
              <State />
              <State>
                <id>Internationalization</id>
              </State>
              <State>
                <id>Java</id>
              </State>
              <State>
                <id>PortabilityJava</id>
              </State>
            </expanded-state>
            <selected-state>
              <State>
                <id>XML</id>
              </State>
            </selected-state>
          </profile-state>
        </entry>
      </component>
      <component name="PropertiesComponent">
        <property name="last_opened_file_path" value="C:/ideaworkspace/nokia-iot-park-service" />
        <property name="nodejs_interpreter_path" value="C:/Program Files/nodejs/node" />
        <property name="nodejs_interpreter_path.stuck_in_default_project" value="undefined stuck path" />
        <property name="nodejs_npm_path_reset_for_default_project" value="true" />
        <property name="settings.editor.selected.configurable" value="configurable.group.appearance" />
      </component>
      <component name="YarnPnpManager">
        <pnp-files />
      </component>
      <component name="masterDetails">
        <states>
          <state key="ProjectJDKs.UI">
            <settings>
              <last-edited>1.8.0_202</last-edited>
              <splitter-proportions>
                <option name="proportions">
                  <list>
                    <option value="0.2" />
                  </list>
                </option>
              </splitter-proportions>
            </settings>
          </state>
        </states>
      </component>
    </defaultProject>
  </component>
</application>