<application>
  <component name="ProjectManager">
    <defaultProject>
      <component name="CompilerWorkspaceConfiguration">
        <option name="MAKE_PROJECT_ON_SAVE" value="true" />
        <option name="PARALLEL_COMPILATION" value="true" />
      </component>
      <component name="EclipseCodeFormatterProjectSettings">
        <option name="projectSpecificProfile">
          <ProjectSpecificProfile>
            <option name="formatter" value="ECLIPSE" />
            <option name="pathToConfigFileJava" value="D:/myGithubProject/awesome_intellij_idea_config/alibabaCodeFormatTemplate/eclipse-codestyle.xml" />
            <option name="selectedJavaProfile" value="P3C-CodeStyle" />
          </ProjectSpecificProfile>
        </option>
      </component>
      <component name="Encoding" native2AsciiForPropertiesFiles="true" defaultCharsetForPropertiesFiles="UTF-8">
        <file url="PROJECT" charset="UTF-8" />
      </component>
      <component name="MavenImportPreferences">
        <option name="generalSettings">
          <MavenGeneralSettings>
            <option name="mavenHome" value="C:/apache-maven-3.5.2" />
            <option name="userSettingsFile" value="C:\apache-maven-3.5.2\conf\settings.xml" />
          </MavenGeneralSettings>
        </option>
        <option name="importingSettings">
          <MavenImportingSettings>
            <option name="importAutomatically" value="true" />
          </MavenImportingSettings>
        </option>
      </component>
      <component name="ProjectDictionaryState">
        <dictionary name="yingw" />
      </component>
      <component name="ProjectInspectionProfilesVisibleTreeState">
        <entry key="Project Default">
          <profile-state>
            <expanded-state>
              <State />
              <State>
                <id>Internationalization</id>
              </State>
              <State>
                <id>Java</id>
              </State>
              <State>
                <id>JavadocJava</id>
              </State>
              <State>
                <id>PortabilityJava</id>
              </State>
            </expanded-state>
            <selected-state>
              <State>
                <id>JavadocReference</id>
              </State>
            </selected-state>
          </profile-state>
        </entry>
      </component>
      <component name="PropertiesComponent">
        <property name="last_opened_file_path" value="D:/myGithubProject/awesome_intellij_idea_config/alibabaCodeFormatTemplate/eclipse-codestyle.xml" />
        <property name="nodejs_interpreter_path" value="C:/Program Files/nodejs/node" />
        <property name="project.structure.last.edited" value="Project" />
        <property name="project.structure.proportion" value="0.0" />
        <property name="project.structure.side.proportion" value="0.0" />
        <property name="settings.editor.selected.configurable" value="Errors" />
      </component>
      <component name="YarnPnpManager">
        <pnp-files />
      </component>
      <component name="masterDetails">
        <states>
          <state key="ProjectJDKs.UI">
            <settings>
              <last-edited>1.8.0_202</last-edited>
              <splitter-proportions>
                <option name="proportions">
                  <list>
                    <option value="0.2" />
                  </list>
                </option>
              </splitter-proportions>
            </settings>
          </state>
        </states>
      </component>
    </defaultProject>
  </component>
</application>