<application>
  <component name="GitRememberedInputs">
    <option name="visitedUrls">
      <list>
        <UrlAndUserName>
          <option name="url" value="http://github.com" />
          <option name="userName" value="yingwaizhiying@gmail.com" />
        </UrlAndUserName>
        <UrlAndUserName>
          <option name="url" value="http://172.16.207.30:8089" />
          <option name="userName" value="mashihao" />
        </UrlAndUserName>
        <UrlAndUserName>
          <option name="url" value="http://172.16.207.29:8900" />
          <option name="userName" value="mashihao" />
        </UrlAndUserName>
      </list>
    </option>
  </component>
  <component name="Vcs.Log.App.Settings">
    <option name="COLUMN_ORDER">
      <list>
        <option value="0" />
        <option value="1" />
        <option value="2" />
        <option value="3" />
      </list>
    </option>
  </component>
</application>