<application>
  <component name="GitRememberedInputs">
    <option name="visitedUrls">
      <list>
        <UrlAndUserName>
          <option name="url" value="http://172.16.207.30:8089/saas/iot-dmp-base-service.git" />
          <option name="userName" value="" />
        </UrlAndUserName>
        <UrlAndUserName>
          <option name="url" value="http://172.16.207.30:8089/iot/nokia-iot-park-service.git" />
          <option name="userName" value="" />
        </UrlAndUserName>
        <UrlAndUserName>
          <option name="url" value="git@172.16.207.30:cis/boot-parent-v2.git" />
          <option name="userName" value="" />
        </UrlAndUserName>
        <UrlAndUserName>
          <option name="url" value="http://172.16.207.30:8089/cis/boot-parent-v2.git" />
          <option name="userName" value="" />
        </UrlAndUserName>
        <UrlAndUserName>
          <option name="url" value="http://172.16.207.30:8089/iot/nokia-iot-building-service.git" />
          <option name="userName" value="" />
        </UrlAndUserName>
        <UrlAndUserName>
          <option name="url" value="http://172.16.207.30:8089/sbell/sbell-iot-secure-service.git" />
          <option name="userName" value="" />
        </UrlAndUserName>
        <UrlAndUserName>
          <option name="url" value="https://gitee.com/thinkgem/jeesite4.git" />
          <option name="userName" value="" />
        </UrlAndUserName>
        <UrlAndUserName>
          <option name="url" value="http://172.16.207.30:8089/sbell/sbell-iot-visitor-service.git" />
          <option name="userName" value="" />
        </UrlAndUserName>
        <UrlAndUserName>
          <option name="url" value="https://github.com/elunez/eladmin.git" />
          <option name="userName" value="" />
        </UrlAndUserName>
        <UrlAndUserName>
          <option name="url" value="https://github.com/msh01/yikong.git" />
          <option name="userName" value="" />
        </UrlAndUserName>
        <UrlAndUserName>
          <option name="url" value="http://github.com" />
          <option name="userName" value="yingwaizhiying@gmail.com" />
        </UrlAndUserName>
        <UrlAndUserName>
          <option name="url" value="http://172.16.207.30:8089/cis/huanuo-code-gen.git" />
          <option name="userName" value="" />
        </UrlAndUserName>
        <UrlAndUserName>
          <option name="url" value="http://172.16.207.30:8089" />
          <option name="userName" value="mashihao" />
        </UrlAndUserName>
        <UrlAndUserName>
          <option name="url" value="http://172.16.207.30:8089/iot/ipark-base-service.git" />
          <option name="userName" value="" />
        </UrlAndUserName>
        <UrlAndUserName>
          <option name="url" value="http://172.16.207.29:8900/deveper_center/code/java/boot-parent.git" />
          <option name="userName" value="" />
        </UrlAndUserName>
        <UrlAndUserName>
          <option name="url" value="http://172.16.207.29:8900" />
          <option name="userName" value="mashihao" />
        </UrlAndUserName>
      </list>
    </option>
    <option name="cloneParentDir" value="d:\" />
  </component>
  <component name="Vcs.Log.App.Settings">
    <option name="COLUMN_ORDER">
      <list>
        <option value="0" />
        <option value="1" />
        <option value="2" />
        <option value="3" />
      </list>
    </option>
  </component>
</application>